<metadata xml:lang="en"><Esri><CreaDate>20240814</CreaDate><CreaTime>22475000</CreaTime><ArcGISFormat>1.0</ArcGISFormat><SyncOnce>FALSE</SyncOnce><DataProperties><itemProps><itemName Sync="TRUE">Floodplain_100Years</itemName><imsContentType Sync="TRUE">002</imsContentType><itemLocation><linkage Sync="TRUE">file://\\LAPTOP-DVV1BGOC\Users\mjwd1\OneDrive - University of Missouri\SHAPE_FILES\Floodplain_100Years.shp</linkage><protocol Sync="TRUE">Local Area Network</protocol></itemLocation><itemSize Sync="TRUE">0.000</itemSize></itemProps><coordRef><type Sync="TRUE">Projected</type><geogcsn Sync="TRUE">GCS_WGS_1984</geogcsn><csUnits Sync="TRUE">Linear Unit: Meter (1.000000)</csUnits><projcsn Sync="TRUE">WGS_1984_Web_Mercator_Auxiliary_Sphere</projcsn><peXml Sync="TRUE">&lt;ProjectedCoordinateSystem xsi:type='typens:ProjectedCoordinateSystem' xmlns:xsi='http://www.w3.org/2001/XMLSchema-instance' xmlns:xs='http://www.w3.org/2001/XMLSchema' xmlns:typens='http://www.esri.com/schemas/ArcGIS/3.0.0'&gt;&lt;WKT&gt;PROJCS[&amp;quot;WGS_1984_Web_Mercator_Auxiliary_Sphere&amp;quot;,GEOGCS[&amp;quot;GCS_WGS_1984&amp;quot;,DATUM[&amp;quot;D_WGS_1984&amp;quot;,SPHEROID[&amp;quot;WGS_1984&amp;quot;,6378137.0,298.257223563]],PRIMEM[&amp;quot;Greenwich&amp;quot;,0.0],UNIT[&amp;quot;Degree&amp;quot;,0.0174532925199433]],PROJECTION[&amp;quot;Mercator_Auxiliary_Sphere&amp;quot;],PARAMETER[&amp;quot;False_Easting&amp;quot;,0.0],PARAMETER[&amp;quot;False_Northing&amp;quot;,0.0],PARAMETER[&amp;quot;Central_Meridian&amp;quot;,0.0],PARAMETER[&amp;quot;Standard_Parallel_1&amp;quot;,0.0],PARAMETER[&amp;quot;Auxiliary_Sphere_Type&amp;quot;,0.0],UNIT[&amp;quot;Meter&amp;quot;,1.0],AUTHORITY[&amp;quot;EPSG&amp;quot;,3857]]&lt;/WKT&gt;&lt;XOrigin&gt;-20037700&lt;/XOrigin&gt;&lt;YOrigin&gt;-30241100&lt;/YOrigin&gt;&lt;XYScale&gt;148923141.92838538&lt;/XYScale&gt;&lt;ZOrigin&gt;-100000&lt;/ZOrigin&gt;&lt;ZScale&gt;10000&lt;/ZScale&gt;&lt;MOrigin&gt;-100000&lt;/MOrigin&gt;&lt;MScale&gt;10000&lt;/MScale&gt;&lt;XYTolerance&gt;0.001&lt;/XYTolerance&gt;&lt;ZTolerance&gt;0.001&lt;/ZTolerance&gt;&lt;MTolerance&gt;0.001&lt;/MTolerance&gt;&lt;HighPrecision&gt;true&lt;/HighPrecision&gt;&lt;WKID&gt;102100&lt;/WKID&gt;&lt;LatestWKID&gt;3857&lt;/LatestWKID&gt;&lt;/ProjectedCoordinateSystem&gt;</peXml></coordRef><lineage><Process ToolSource="c:\program files\arcgis\pro\Resources\ArcToolbox\toolboxes\Cartography Tools.tbx\SimplifyPolygon" Date="20240814" Time="225903">SimplifyPolygon "USA_Flood_Hazard_Reduced_Set selection" C:\Users\mjwd1\OneDrive\Documents\ArcGIS\Projects\Stream_Order\Stream_Order.gdb\USA_Flood_Haza_SimplifyPolyg "Retain weighted effective areas (Zhou-Jones)" "20 Meters" "0 SquareMeters" RESOLVE_ERRORS KEEP_COLLAPSED_POINTS #</Process><Process ToolSource="c:\program files\arcgis\pro\Resources\ArcToolbox\toolboxes\Conversion Tools.tbx\ExportFeatures" Date="20240814" Time="230132">ExportFeatures USA_Flood_Haza_SimplifyPolyg C:\Users\mjwd1\OneDrive\Documents\GitHub\msdis_lidar\Floodplain_HU04.shp # NOT_USE_ALIAS "DFIRM_ID "DFRIM ID" true true false 6 Text 0 0,First,#,USA_Flood_Haza_SimplifyPolyg,DFIRM_ID,0,6;VERSION_ID "Version ID" true true false 8 Text 0 0,First,#,USA_Flood_Haza_SimplifyPolyg,VERSION_ID,0,8;FLD_AR_ID "Flood Area ID" true true false 32 Text 0 0,First,#,USA_Flood_Haza_SimplifyPolyg,FLD_AR_ID,0,32;STUDY_TYP "Study Type" true true false 38 Text 0 0,First,#,USA_Flood_Haza_SimplifyPolyg,STUDY_TYP,0,38;FLD_ZONE "Flood Zone" true true false 17 Text 0 0,First,#,USA_Flood_Haza_SimplifyPolyg,FLD_ZONE,0,17;ZONE_SUBTY "Flood Zone Subtype" true true false 80 Text 0 0,First,#,USA_Flood_Haza_SimplifyPolyg,ZONE_SUBTY,0,80;SFHA_TF "Special Flood Hazard Area" true true false 1 Text 0 0,First,#,USA_Flood_Haza_SimplifyPolyg,SFHA_TF,0,1;STATIC_BFE "Static Base Flood Elevation" true true false 4 Long 0 0,First,#,USA_Flood_Haza_SimplifyPolyg,STATIC_BFE,-1,-1;V_DATUM "Vertical Datum" true true false 17 Text 0 0,First,#,USA_Flood_Haza_SimplifyPolyg,V_DATUM,0,17;DEPTH "Depth" true true false 4 Long 0 0,First,#,USA_Flood_Haza_SimplifyPolyg,DEPTH,-1,-1;LEN_UNIT "Length Unit" true true false 11 Text 0 0,First,#,USA_Flood_Haza_SimplifyPolyg,LEN_UNIT,0,11;VELOCITY "Velocity" true true false 8 Double 0 0,First,#,USA_Flood_Haza_SimplifyPolyg,VELOCITY,-1,-1;VEL_UNIT "Velocity Unit" true true false 18 Text 0 0,First,#,USA_Flood_Haza_SimplifyPolyg,VEL_UNIT,0,18;DUAL_ZONE "Dual Zone" true true false 1 Text 0 0,First,#,USA_Flood_Haza_SimplifyPolyg,DUAL_ZONE,0,1;SOURCE_CIT "Source Citation" true true false 21 Text 0 0,First,#,USA_Flood_Haza_SimplifyPolyg,SOURCE_CIT,0,21;GFID "GFID" true true false 40 Text 0 0,First,#,USA_Flood_Haza_SimplifyPolyg,GFID,0,40;esri_symbology "Esri Symbology" true true false 50 Text 0 0,First,#,USA_Flood_Haza_SimplifyPolyg,esri_symbology,0,50;Shape_Length "Shape_Length" false true true 8 Double 0 0,First,#,USA_Flood_Haza_SimplifyPolyg,Shape_Length,-1,-1;Shape_Area "Shape_Area" false true true 8 Double 0 0,First,#,USA_Flood_Haza_SimplifyPolyg,Shape_Area,-1,-1;InPoly_FID "InPoly_FID" true true false 4 Long 0 0,First,#,USA_Flood_Haza_SimplifyPolyg,InPoly_FID,-1,-1;SimPgnFlag "SimPgnFlag" true true false 2 Short 0 0,First,#,USA_Flood_Haza_SimplifyPolyg,SimPgnFlag,-1,-1;MaxSimpTol "MaxSimpTol" true true false 8 Double 0 0,First,#,USA_Flood_Haza_SimplifyPolyg,MaxSimpTol,-1,-1;MinSimpTol "MinSimpTol" true true false 8 Double 0 0,First,#,USA_Flood_Haza_SimplifyPolyg,MinSimpTol,-1,-1" #</Process><Process ToolSource="c:\program files\arcgis\pro\Resources\ArcToolbox\toolboxes\Conversion Tools.tbx\ExportFeatures" Date="20240924" Time="161957">ExportFeatures 100_YEAR_Floodplain "C:\Users\mjwd1\OneDrive - University of Missouri\SHAPE_FILES\Floodplain_100Years.shp" # NOT_USE_ALIAS "DFIRM_ID "DFIRM_ID" true true false 6 Text 0 0,First,#,100_YEAR_Floodplain,DFIRM_ID,0,6;VERSION_ID "VERSION_ID" true true false 8 Text 0 0,First,#,100_YEAR_Floodplain,VERSION_ID,0,8;FLD_AR_ID "FLD_AR_ID" true true false 32 Text 0 0,First,#,100_YEAR_Floodplain,FLD_AR_ID,0,32;STUDY_TYP "STUDY_TYP" true true false 38 Text 0 0,First,#,100_YEAR_Floodplain,STUDY_TYP,0,38;FLD_ZONE "FLD_ZONE" true true false 17 Text 0 0,First,#,100_YEAR_Floodplain,FLD_ZONE,0,17;ZONE_SUBTY "ZONE_SUBTY" true true false 80 Text 0 0,First,#,100_YEAR_Floodplain,ZONE_SUBTY,0,80;SFHA_TF "SFHA_TF" true true false 1 Text 0 0,First,#,100_YEAR_Floodplain,SFHA_TF,0,1;STATIC_BFE "STATIC_BFE" true true false 10 Long 0 10,First,#,100_YEAR_Floodplain,STATIC_BFE,-1,-1;V_DATUM "V_DATUM" true true false 17 Text 0 0,First,#,100_YEAR_Floodplain,V_DATUM,0,17;DEPTH "DEPTH" true true false 10 Long 0 10,First,#,100_YEAR_Floodplain,DEPTH,-1,-1;LEN_UNIT "LEN_UNIT" true true false 11 Text 0 0,First,#,100_YEAR_Floodplain,LEN_UNIT,0,11;VELOCITY "VELOCITY" true true false 19 Double 0 0,First,#,100_YEAR_Floodplain,VELOCITY,-1,-1;VEL_UNIT "VEL_UNIT" true true false 18 Text 0 0,First,#,100_YEAR_Floodplain,VEL_UNIT,0,18;DUAL_ZONE "DUAL_ZONE" true true false 1 Text 0 0,First,#,100_YEAR_Floodplain,DUAL_ZONE,0,1;SOURCE_CIT "SOURCE_CIT" true true false 21 Text 0 0,First,#,100_YEAR_Floodplain,SOURCE_CIT,0,21;GFID "GFID" true true false 40 Text 0 0,First,#,100_YEAR_Floodplain,GFID,0,40;esri_symbo "esri_symbo" true true false 50 Text 0 0,First,#,100_YEAR_Floodplain,esri_symbo,0,50;Shape_Leng "Shape_Leng" true true false 19 Double 0 0,First,#,100_YEAR_Floodplain,Shape_Leng,-1,-1;Shape_Area "Shape_Area" true true false 19 Double 0 0,First,#,100_YEAR_Floodplain,Shape_Area,-1,-1;InPoly_FID "InPoly_FID" true true false 10 Long 0 10,First,#,100_YEAR_Floodplain,InPoly_FID,-1,-1;SimPgnFlag "SimPgnFlag" true true false 5 Long 0 5,First,#,100_YEAR_Floodplain,SimPgnFlag,-1,-1;MaxSimpTol "MaxSimpTol" true true false 19 Double 0 0,First,#,100_YEAR_Floodplain,MaxSimpTol,-1,-1;MinSimpTol "MinSimpTol" true true false 19 Double 0 0,First,#,100_YEAR_Floodplain,MinSimpTol,-1,-1" #</Process></lineage></DataProperties><SyncDate>20240924</SyncDate><SyncTime>16195600</SyncTime><ModDate>20240924</ModDate><ModTime>16195600</ModTime></Esri><dataIdInfo><envirDesc Sync="TRUE">Microsoft Windows 10 Version 10.0 (Build 22631) ; Esri ArcGIS 13.0.3.36057</envirDesc><dataLang><languageCode value="eng" Sync="TRUE"></languageCode><countryCode value="USA" Sync="TRUE"></countryCode></dataLang><idCitation><resTitle Sync="TRUE">Floodplain_100Years</resTitle><presForm><PresFormCd value="005" Sync="TRUE"></PresFormCd></presForm></idCitation><spatRpType><SpatRepTypCd value="001" Sync="TRUE"></SpatRepTypCd></spatRpType></dataIdInfo><mdLang><languageCode value="eng" Sync="TRUE"></languageCode><countryCode value="USA" Sync="TRUE"></countryCode></mdLang><mdChar><CharSetCd value="004" Sync="TRUE"></CharSetCd></mdChar><distInfo><distFormat><formatName Sync="TRUE">Shapefile</formatName></distFormat><distTranOps><transSize Sync="TRUE">0.000</transSize></distTranOps></distInfo><mdHrLv><ScopeCd value="005" Sync="TRUE"></ScopeCd></mdHrLv><mdHrLvName Sync="TRUE">dataset</mdHrLvName><refSysInfo><RefSystem><refSysID><identCode code="3857" Sync="TRUE"></identCode><idCodeSpace Sync="TRUE">EPSG</idCodeSpace><idVersion Sync="TRUE">6.18.3(9.3.1.2)</idVersion></refSysID></RefSystem></refSysInfo><spatRepInfo><VectSpatRep><geometObjs Name="Floodplain_100Years"><geoObjTyp><GeoObjTypCd value="002" Sync="TRUE"></GeoObjTypCd></geoObjTyp><geoObjCnt Sync="TRUE">0</geoObjCnt></geometObjs><topLvl><TopoLevCd value="001" Sync="TRUE"></TopoLevCd></topLvl></VectSpatRep></spatRepInfo><spdoinfo><ptvctinf><esriterm Name="Floodplain_100Years"><efeatyp Sync="TRUE">Simple</efeatyp><efeageom code="4" Sync="TRUE"></efeageom><esritopo Sync="TRUE">FALSE</esritopo><efeacnt Sync="TRUE">0</efeacnt><spindex Sync="TRUE">FALSE</spindex><linrefer Sync="TRUE">FALSE</linrefer></esriterm></ptvctinf></spdoinfo><eainfo><detailed Name="Floodplain_100Years"><enttyp><enttypl Sync="TRUE">Floodplain_100Years</enttypl><enttypt Sync="TRUE">Feature Class</enttypt><enttypc Sync="TRUE">0</enttypc></enttyp><attr><attrlabl Sync="TRUE">FID</attrlabl><attalias Sync="TRUE">FID</attalias><attrtype Sync="TRUE">OID</attrtype><attwidth Sync="TRUE">4</attwidth><atprecis Sync="TRUE">0</atprecis><attscale Sync="TRUE">0</attscale><attrdef Sync="TRUE">Internal feature number.</attrdef><attrdefs Sync="TRUE">Esri</attrdefs><attrdomv><udom Sync="TRUE">Sequential unique whole numbers that are automatically generated.</udom></attrdomv></attr><attr><attrlabl Sync="TRUE">Shape</attrlabl><attalias Sync="TRUE">Shape</attalias><attrtype Sync="TRUE">Geometry</attrtype><attwidth Sync="TRUE">0</attwidth><atprecis Sync="TRUE">0</atprecis><attscale Sync="TRUE">0</attscale><attrdef Sync="TRUE">Feature geometry.</attrdef><attrdefs Sync="TRUE">Esri</attrdefs><attrdomv><udom Sync="TRUE">Coordinates defining the features.</udom></attrdomv></attr><attr><attrlabl Sync="TRUE">DFIRM_ID</attrlabl><attalias Sync="TRUE">DFIRM_ID</attalias><attrtype Sync="TRUE">String</attrtype><attwidth Sync="TRUE">6</attwidth><atprecis Sync="TRUE">0</atprecis><attscale Sync="TRUE">0</attscale></attr><attr><attrlabl Sync="TRUE">VERSION_ID</attrlabl><attalias Sync="TRUE">VERSION_ID</attalias><attrtype Sync="TRUE">String</attrtype><attwidth Sync="TRUE">8</attwidth><atprecis Sync="TRUE">0</atprecis><attscale Sync="TRUE">0</attscale></attr><attr><attrlabl Sync="TRUE">FLD_AR_ID</attrlabl><attalias Sync="TRUE">FLD_AR_ID</attalias><attrtype Sync="TRUE">String</attrtype><attwidth Sync="TRUE">32</attwidth><atprecis Sync="TRUE">0</atprecis><attscale Sync="TRUE">0</attscale></attr><attr><attrlabl Sync="TRUE">STUDY_TYP</attrlabl><attalias Sync="TRUE">STUDY_TYP</attalias><attrtype Sync="TRUE">String</attrtype><attwidth Sync="TRUE">38</attwidth><atprecis Sync="TRUE">0</atprecis><attscale Sync="TRUE">0</attscale></attr><attr><attrlabl Sync="TRUE">FLD_ZONE</attrlabl><attalias Sync="TRUE">FLD_ZONE</attalias><attrtype Sync="TRUE">String</attrtype><attwidth Sync="TRUE">17</attwidth><atprecis Sync="TRUE">0</atprecis><attscale Sync="TRUE">0</attscale></attr><attr><attrlabl Sync="TRUE">ZONE_SUBTY</attrlabl><attalias Sync="TRUE">ZONE_SUBTY</attalias><attrtype Sync="TRUE">String</attrtype><attwidth Sync="TRUE">80</attwidth><atprecis Sync="TRUE">0</atprecis><attscale Sync="TRUE">0</attscale></attr><attr><attrlabl Sync="TRUE">SFHA_TF</attrlabl><attalias Sync="TRUE">SFHA_TF</attalias><attrtype Sync="TRUE">String</attrtype><attwidth Sync="TRUE">1</attwidth><atprecis Sync="TRUE">0</atprecis><attscale Sync="TRUE">0</attscale></attr><attr><attrlabl Sync="TRUE">STATIC_BFE</attrlabl><attalias Sync="TRUE">STATIC_BFE</attalias><attrtype Sync="TRUE">Integer</attrtype><attwidth Sync="TRUE">10</attwidth><atprecis Sync="TRUE">10</atprecis><attscale Sync="TRUE">0</attscale></attr><attr><attrlabl Sync="TRUE">V_DATUM</attrlabl><attalias Sync="TRUE">V_DATUM</attalias><attrtype Sync="TRUE">String</attrtype><attwidth Sync="TRUE">17</attwidth><atprecis Sync="TRUE">0</atprecis><attscale Sync="TRUE">0</attscale></attr><attr><attrlabl Sync="TRUE">DEPTH</attrlabl><attalias Sync="TRUE">DEPTH</attalias><attrtype Sync="TRUE">Integer</attrtype><attwidth Sync="TRUE">10</attwidth><atprecis Sync="TRUE">10</atprecis><attscale Sync="TRUE">0</attscale></attr><attr><attrlabl Sync="TRUE">LEN_UNIT</attrlabl><attalias Sync="TRUE">LEN_UNIT</attalias><attrtype Sync="TRUE">String</attrtype><attwidth Sync="TRUE">11</attwidth><atprecis Sync="TRUE">0</atprecis><attscale Sync="TRUE">0</attscale></attr><attr><attrlabl Sync="TRUE">VELOCITY</attrlabl><attalias Sync="TRUE">VELOCITY</attalias><attrtype Sync="TRUE">Double</attrtype><attwidth Sync="TRUE">19</attwidth><atprecis Sync="TRUE">0</atprecis><attscale Sync="TRUE">0</attscale></attr><attr><attrlabl Sync="TRUE">VEL_UNIT</attrlabl><attalias Sync="TRUE">VEL_UNIT</attalias><attrtype Sync="TRUE">String</attrtype><attwidth Sync="TRUE">18</attwidth><atprecis Sync="TRUE">0</atprecis><attscale Sync="TRUE">0</attscale></attr><attr><attrlabl Sync="TRUE">DUAL_ZONE</attrlabl><attalias Sync="TRUE">DUAL_ZONE</attalias><attrtype Sync="TRUE">String</attrtype><attwidth Sync="TRUE">1</attwidth><atprecis Sync="TRUE">0</atprecis><attscale Sync="TRUE">0</attscale></attr><attr><attrlabl Sync="TRUE">SOURCE_CIT</attrlabl><attalias Sync="TRUE">SOURCE_CIT</attalias><attrtype Sync="TRUE">String</attrtype><attwidth Sync="TRUE">21</attwidth><atprecis Sync="TRUE">0</atprecis><attscale Sync="TRUE">0</attscale></attr><attr><attrlabl Sync="TRUE">GFID</attrlabl><attalias Sync="TRUE">GFID</attalias><attrtype Sync="TRUE">String</attrtype><attwidth Sync="TRUE">40</attwidth><atprecis Sync="TRUE">0</atprecis><attscale Sync="TRUE">0</attscale></attr><attr><attrlabl Sync="TRUE">esri_symbo</attrlabl><attalias Sync="TRUE">esri_symbo</attalias><attrtype Sync="TRUE">String</attrtype><attwidth Sync="TRUE">50</attwidth><atprecis Sync="TRUE">0</atprecis><attscale Sync="TRUE">0</attscale></attr><attr><attrlabl Sync="TRUE">Shape_Leng</attrlabl><attalias Sync="TRUE">Shape_Leng</attalias><attrtype Sync="TRUE">Double</attrtype><attwidth Sync="TRUE">19</attwidth><atprecis Sync="TRUE">0</atprecis><attscale Sync="TRUE">0</attscale></attr><attr><attrlabl Sync="TRUE">Shape_Area</attrlabl><attalias Sync="TRUE">Shape_Area</attalias><attrtype Sync="TRUE">Double</attrtype><attwidth Sync="TRUE">19</attwidth><atprecis Sync="TRUE">0</atprecis><attscale Sync="TRUE">0</attscale><attrdef Sync="TRUE">Area of feature in internal units squared.</attrdef><attrdefs Sync="TRUE">Esri</attrdefs><attrdomv><udom Sync="TRUE">Positive real numbers that are automatically generated.</udom></attrdomv></attr><attr><attrlabl Sync="TRUE">InPoly_FID</attrlabl><attalias Sync="TRUE">InPoly_FID</attalias><attrtype Sync="TRUE">Integer</attrtype><attwidth Sync="TRUE">10</attwidth><atprecis Sync="TRUE">10</atprecis><attscale Sync="TRUE">0</attscale></attr><attr><attrlabl Sync="TRUE">SimPgnFlag</attrlabl><attalias Sync="TRUE">SimPgnFlag</attalias><attrtype Sync="TRUE">Integer</attrtype><attwidth Sync="TRUE">5</attwidth><atprecis Sync="TRUE">5</atprecis><attscale Sync="TRUE">0</attscale></attr><attr><attrlabl Sync="TRUE">MaxSimpTol</attrlabl><attalias Sync="TRUE">MaxSimpTol</attalias><attrtype Sync="TRUE">Double</attrtype><attwidth Sync="TRUE">19</attwidth><atprecis Sync="TRUE">0</atprecis><attscale Sync="TRUE">0</attscale></attr><attr><attrlabl Sync="TRUE">MinSimpTol</attrlabl><attalias Sync="TRUE">MinSimpTol</attalias><attrtype Sync="TRUE">Double</attrtype><attwidth Sync="TRUE">19</attwidth><atprecis Sync="TRUE">0</atprecis><attscale Sync="TRUE">0</attscale></attr></detailed></eainfo><mdDateSt Sync="TRUE">20240924</mdDateSt></metadata>
